full_name,first_name,last_name,middle_initial,act_id
abbot s. charles,charles,abbot,s,7D9bVBvxH3TZ
regni f john,john,regni,f,6YRi5dXUPJcd
weisman s. david,david,weisman,s,899kgmWHa7ro
jacoby e. lowell,lowell,jacoby,e,7zEySUChf25q
kellogg k. joseph,joseph,kellogg,k,82DCrqTqgvYY
beckel d robert,robert,beckel,d,6D9qKa8qpE5F
timmons f. richard,richard,timmons,f,6uhLsPDgkzv9
kern j. paul,paul,kern,j,5VbtVaAdxJSo
malley c. kenneth,kenneth,malley,c,6pyoeNUL6TzQ
hosmer c. bradley,bradley,hosmer,c,6SPEX3DXYmXr
vaughn a. clyde,clyde,vaughn,a,4zTFWZmQQy3u
smith p. edwin,edwin,smith,p,3tkD6pAgbBcH
stackpole henry,henry,stackpole,nan,6YeCrTKYMzny
leland s. edwin,edwin,leland,s,4GxuMyVbY92j
mcilvoy w david,david,mcilvoy,w,7ZkMX2WoUiiP
king c. james,james,king,c,3aUrTrSSUVWy
wilson r. thomas,thomas,wilson,r,VCSE8MGqqyDn
schoomaker j. peter,peter,schoomaker,j,74aKLYuDw2tV
smith w. leighton,leighton,smith,w,4Nni5hyKCqYT
sanchez s. ricardo,ricardo,sanchez,s,6S8ZyAkoMbzU
pitman charles,charles,pitman,nan,7jCUK9BqmkRf
nowak m. john,john,nowak,m,7q2jrNZw8NSA
cromer l donald,donald,cromer,l,4bvTyWkwc84R
zlatoper j. ronald,ronald,zlatoper,j,6oAy6FtQF2sw
wakefield n. samuel,samuel,wakefield,n,3eJoe5VQnJQx
clark e. vernon,vernon,clark,e,4RHLrij9gpDN
rhodes john,john,rhodes,nan,59nskAQ4Qa4m
mccaffrey r. barry,barry,mccaffrey,r,398UTerAtfS4
soriano edward,edward,soriano,nan,7t6oTz5PtYJa
jordan larry,larry,jordan,nan,4wJKtkTxfpDR
jones w. donald,donald,jones,w,6xHXBQqJpdUS
mcginn v. dennis,dennis,mcginn,v,5wktpvDoGa4i
sullivan j kevin,kevin,sullivan,j,4b44TgorAf7p
miller david paul,paul,miller,david,5oZGFjWAdgyM
tiebout robert,robert,tiebout,nan,5XfkG4HJH62D
neal i. richard,richard,neal,i,7jYjz4qzrBEZ
whiddon r. orren,orren,whiddon,r,3F5g2XPVUEv7
plummer b stephen,stephen,plummer,b,6eYnV9LDQm9v
salomon e. leon,leon,salomon,e,4SPAqFHN3Uxg
vesely l david,david,vesely,l,Px44a6gqJuKR
owens a. william,william,owens,a,G3MccgcvYKNz
kihune k. u. robert,robert,kihune,k. u,3h6uoP5AHkam
munns l. charles,charles,munns,l,6PM7Qc2TTUgk
wykle r. kenneth,kenneth,wykle,r,3h7hwpfWaYKU
armstrong m spence,spence,armstrong,m,5SBsAa6T7FYi
luck e. gary,gary,luck,e,6fYZLaWQiQUz
oliver t. daniel,daniel,oliver,t,tstLRM3QUWMF
wood g stephen,stephen,wood,g,6Svi2xij3JsG
"morgan, jr g. john",john,"morgan, jr",g,5oSpzYMe87jK
wright w. timothy,timothy,wright,w,YzcvSx2jDCe8
thompson g. roger,roger,thompson,g,487A4dh3DsHJ
ohle h. david,david,ohle,h,8Hwp4kMUejNB
shoffner a. wilson,wilson,shoffner,a,38GeM5t2YRpf
kramek e. robert,robert,kramek,e,7XjMf7JR5aBa
kadish t ronald,ronald,kadish,t,3EnHLStqdWqG
solomon k. billy,billy,solomon,k,Zx9oqnk6Rj9t
zanini r. daniel,daniel,zanini,r,77G4bhm6LL7z
pickler m. john,john,pickler,m,6WFGXWLRkQyH
house w. randolph,randolph,house,w,4NzS6KN2cmSZ
link m. james,james,link,m,6F9CKiffJQAL
koenig m. harold,harold,koenig,m,3wKYVDN8yqvd
redden j joseph,joseph,redden,j,4o2upUkcQdSJ
wolfe a. thad,thad,wolfe,a,53bEfNSy3x3z
tilelli h. john,john,tilelli,h,6Xr2Mbm7aB42
tilelli h. john,john,tilelli,h,54WWigQ8Zx4x
randolph p bernard,bernard,randolph,p,3jbTJogCYwLC
johnson t hansford,hansford,johnson,t,8H4HqPMEXeyd
mikolashek t. paul,paul,mikolashek,t,5rLXsezvropR
scott t. james,james,scott,t,4M2Gmstkm78v
peake b. james,james,peake,b,3JZfXWBXn2gn
sterner r. george,george,sterner,r,QoWPNUbnet2i
peay binford james,james,peay,binford,44PvLSCbiUFr
welser iii william,william,welser iii,nan,5CmHFf6ZHYoA
mcduffie m. john,john,mcduffie,m,bzkkgfseFBjT
hughes m. patrick,patrick,hughes,m,5JqMLZpc99kf
wetekam j donald,donald,wetekam,j,5KMNxgpAM6Zt
lippert w. keith,keith,lippert,w,yW5wiytv9ZQt
"woodward, jr l john",john,"woodward, jr",l,3WLhacBBByu6
piotrowski l john,john,piotrowski,l,3gsiNpMVzCtm
katz j. douglas,douglas,katz,j,5rXBUe8QqoTz
parker d. ellis,ellis,parker,d,5dzp9XXgyvuj
reynolds v richard,richard,reynolds,v,5dFhtnJL9KXQ
jeremiah e. david,david,jeremiah,e,7krBpxqcvnfJ
jameson d arlen,arlen,jameson,d,3AWMSGBve6ni
mcginty d michael,michael,mcginty,d,4Wo8No5eJVHB
lezy g. normand,normand,lezy,g,3VY63c84qHyP
aldridge o. donald,donald,aldridge,o,8BZWh3ebRSy9
jumper p. john,john,jumper,p,7NUxx4RyqNgq
johnston b robert,robert,johnston,b,7PFpwbDmYmDn
williams e. arthur,arthur,williams,e,3UF6mhQu4zVm
kinzer w. joseph,joseph,kinzer,w,3Tg2FDySkpb4
o'neill r. malcolm,malcolm,o'neill,r,CowuRiw9YXGM
smith g. hubert,hubert,smith,g,dFzxVMprkEnB
rhame g. thomas,thomas,rhame,g,5LJzGPhd8Rr9
huly jan,jan,huly,nan,5j887ncomyeM
magruder w. lawson,lawson,magruder,w,8JHS6S3AGBnP
wilhelm e. charles,charles,wilhelm,e,3JBSrpmYzoL7
strock a. carl,carl,strock,a,5i8neRyavidp
rigby l. randall,randall,rigby,l,6SAGvMUuXPbB
inge r. joseph,joseph,inge,r,62FG5eeERdpH
hough a michael,michael,hough,a,5kTccBxFv423
murphy j. daniel,daniel,murphy,j,7QVHuH8RVJZa
parks garry,garry,parks,nan,rtvKnyRSYSrC
sinn l. jerry,jerry,sinn,l,65qrut2VLxK5
zettler e michael,michael,zettler,e,7c8L9JpApr3e
mahan s. charles,charles,mahan,s,3QjaCfLGiU9t
zinni anthony,anthony,zinni,nan,5j8wh97JZtQW
shea robert,robert,shea,nan,3BB3RSoCwmbK
laposata s. joseph,joseph,laposata,s,3M4KorCHthPd
ord l. robert,robert,ord,l,5MhsLbKgtpds
keane m. john,john,keane,m,85hJ6ScdtN4F
moore edward,edward,moore,nan,3WTSBrbziFig
straw m. edward,edward,straw,m. ,3bGVuGe57AST
roudebush g james,james,roudebush,g,4RWKMGaTSeAi
mccarthy dennis,dennis,mccarthy,nan,3bxxz6KkfDLp
spane j robert,robert,spane,j,4rLHWEXovrPZ
shineski k. eric,eric,shineski,k,5u29hpi3jU4p
sattler john,john,sattler,nan,7ASARGfHHG36
mortensen e. william,william,mortensen,e,572Fmh8PCJGP
sullivan e. paul,paul,sullivan,e,6v6vCXN3N8Q7
wilson frances,frances,wilson,nan,6o6etRi64bMv
reason paul,paul,reason,nan,6ei2NqVm8Jos
nyland l. william,william,nyland,l,8H27djJvykUs
moran k. j. kevin,j. kevin,moran,k,55tjjD8LXQY3
"nix, p. jack",jack,"nix,",p,5XfdLhXFXK4K
milligan robert,robert,milligan,nan,6Jht8wdSSRuN
yost a. paul,paul,yost,a,SyMBQNQLH74Z
smith norman,norman,smith,nan,5Vjvgozp6pDH
wald f charles,charles,wald,f,69DMEkm6DqMp
"moseley m michael, t.","michael, t.",moseley,m,7ego6BTtTVUd
lennox j. william,william,lennox,j,6EENYNZxLKbZ
pappas jimmy,jimmy,pappas,nan,6d2VjFobd73j
osman henry,henry,osman,nan,5Hus7wdmYUhr
moore w. charles,charles,moore,w,5VXQuiP9nigC
jamerson l james,james,jamerson,l,7Eg2T67ZUZ2o
pigaty j. leo,leo,pigaty,j,6vwKj4tR95Fv
mccarthy f. paul,paul,mccarthy,f,UoCByq4dCF2U
nyquist w. john,john,nyquist,w,3HTwSKgTQLtk
schwartz a. thomas,thomas,schwartz,a,34y89jzjMLU6
ryan r. norbert,norbert,ryan,r,5tH3qLquoerd
vuono e. carl,carl,vuono,e,4DRRX7BNMKev
tattini l eugene,eugene,tattini,l,3yEHDwKFKQuZ
zortman m. james,james,zortman,m,6Se4K6McFNeB
studeman o. william,william,studeman,o,4FtNzpcfVfGM
"viccellio, jr. henry",henry,"viccellio, jr.",nan,4xyCAvzM7sdj
yates w ronald,ronald,yates,w,7HnHtWX3VQAB
less a. tony,tony,less,a,3rZeu5arV29v
schwarzkopf norman,norman,schwarzkopf,nan,4b6L6y2Yc2Wr
kramlich richard,richard,kramlich,nan,8GTds37EVmnA
rutherford l robert,robert,rutherford,l,zHhkVuWzjDRL
kelly a christopher,christopher,kelly,a,39WgR8i6aG4D
quast m. philip ,philip ,quast,m,3DmQjpepYgJN
peterson w michael,michael,peterson,w,3FjYcfvESVfq
wright a bruce,bruce,wright,a,5h4kLm6wrxUU
kelly j. robert,robert,kelly,j,5SCVVjQhdJzw
palmer r. dave,dave,palmer,r,UjdxZkYDPDww
kinnan a timothy,timothy,kinnan,a,4zree8mZRh6S
perkins b. james,james,perkins,b,5CdLWgUXHmxd
kalleres f. michael,michael,kalleres,f,7HPwgYFCnE47
petrosky j. daniel,daniel,petrosky,j,3a7CydhLCHJv
reno h. william,william,reno,h,47fhdNQExvET
kelly richard,richard,kelly,nan,54NBgqiiCuGX
rokke j. ervin,ervin,rokke,j,7Wv7eYFDcPgQ
lautenbacher c. conrad,conrad,lautenbacher,c,6eYpLzGKpmu3
swope t. richard,richard,swope,t,5HCJgY7A4zuR
went j. joseph,joseph,went,j,559GDFcHe4C4
abizaid p. john,john,abizaid,p,3FjbFs5GwDQ7
abrams n. john,john,abrams,n,6MWZMNdDLipK
thomas m. billy,billy,thomas,m,8L6CbLHZgoAL
ackerman w. michael,michael,ackerman,w,7oyDJ3DirwL7
adams e. ronald,ronald,adams,e,5YfPTJUe3DhN
adams v. jimmie,jimmie,adams,v,4gomujGMCJSV
alexander m. robert,robert,alexander,m,7zAkXfHfSgGe
allen c. richard,richard,allen,c,4pn8NWCCP5xs
allen g. teddy,teddy,allen,g,6Y5NY6AAJqEB
amerault f. james,james,amerault,f,82T4ZvvixSYk
anderson edward,edward,anderson,nan,74K3URDE6Pkv
anderson a marcus,marcus,anderson,a,88q8RYgZmgHk
"anderson, jr. r. edgar",edgar,"anderson, jr.",r,4ia66s6SZ7iH
mcinerney g. thomas,thomas,mcinerney,g,7bMNqpcoxU2P
armstrong b. malcom,malcom,armstrong,b,4WtCvoXkpdPx
arnold l. steven,steven,arnold,l,7axyT7RSsGJp
arnold a brian,brian,arnold,a,tssRHDWJRwdx
arthur stan,stan,arthur,nan,GxdT9N5dZy3U
"arthur, jr. c. donald",donald,"arthur, jr.",c,5S4R4ZaFa68V
ashy w. joseph,joseph,ashy,w,3ajS5oM9cdPG
ayres raymond,raymond,ayres,nan,4A7VQYYQQPZj
babbitt t george,george,babbitt,t,3cuQkbMjFvvd
baca d. edward,edward,baca,d,8FqyiFfoXACm
bacon f. roger,roger,bacon,f,4zqvb7Gz4z9r
tangney p. william,william,tangney,p,7BKgioSMkzcc
bailey c maxwell,maxwell,bailey,c,5GxyQJ4x6nRv
baker a. thomas,thomas,baker,a,3gqKp4VB3KfD
baker r john,john,baker,r,6Qg6jZata6tF
balisle m. philip,philip,balisle,m,4Gjzhz63vQhE
ballard n. joe,joe,ballard,n,86CkeeLoVSCq
baptiste l thomas,thomas,baptiste,l,3XM762c5d2vj
barno w. david,david,barno,w,6HmAWYYDJTVu
barry p. edward,edward,barry,p,7wgwANbL7i9q
bates l. jared,jared,bates,l,8DPRUT44KyFy
beauchamp e. roy,roy,beauchamp,e,38aVMKVbiGou
klimp jack,jack,klimp,nan,5FY3gpJsz8kX
bedard emil,emil,bedard,nan,4gxcAbHyuWq4
begert j william,william,begert,j,7MwsD8H5u6xw
bell b. burwell,burwell,bell,b,6AHduG6vmKez
benchoff l. dennis,dennis,benchoff,l,7JxjH9js7NVZ
bennett m. b.,b.,bennett,m,4DSqtUpu2bS4
bennitt m. brent,brent,bennitt,m,66DVbmZ3WD35
benton l. david,david,benton,l,4zQr2qnxwj43
bergman w john,john,bergman,w,84sxAyS7BoGw
berndt martin,martin,berndt,nan,39dY2GDAPHKJ
bethurem c richard,richard,bethurem,c,6rfWcZJ9WQ4T
powell l. colin,colin,powell,l,6SBCEYVP3aG2
bien g. lyle,lyle,bien,g,3rqEdQvcQBHY
bishop d. robert,robert,bishop,d,4hzZK6YyPrZu
black c. scott,scott,black,c,5p3WkFG69vyn
blackman robert,robert,blackman,nan,43mXUgrbMdXT
blackwell e. paul,paul,blackwell,e,5en3BS3dtqMh
blades c. arthur,arthur,blades,c,7cRqfeY7g4zi
blair c. dennis,dennis,blair,c,dfKhUdFfzrwB
blanck r. ronald,ronald,blanck,r,76gwuKmsfaCS
blot harold,harold,blot,nan,483DnHhxYATr
boese e. lawrence,lawrence,boese,e,KzSsWCvsQNpK
jaquish e. john,john,jaquish,e,4EtQ4zRLbvoc
newton w lloyd,lloyd,newton,w,U2deLsK7znwh
boles j. billy,billy,boles,j,3zCjCcxX9iUY
bolt j. wiliam,wiliam,bolt,j,5vSB5rk9rm6f
boomer e. walter,walter,boomer,e,6ujPutaDasYg
boutelle w. steven,steven,boutelle,w,6J5JR6znKppa
bowes c. william,william,bowes,c,3dVJnEx6wVj2
bowman l. frank,frank,bowman,l,3ymkqQLje3uV
bowman l. michael,michael,bowman,l,3iGNAwiwnrYH
boyd g. charles,charles,boyd,g,4avFXKFbnb9h
boykin g. willam,willam,boykin,g,864WAY3sKS34
brabham james,james,brabham,nan,7US2gGYrhQ7i
ilg paul,paul,ilg,nan,5akmTCfXxDRz
brailsford d. marvin,marvin,brailsford,d,4ybr3oakmXH4
bramlett a. david,david,bramlett,a,5X9HNrLSZiyz
brandtner martin,martin,brandtner,nan,PxWcHxx2cLYh
brewer iii l. david,david,brewer iii,l,5bx4UojWeyV8
broadwater m. colby,colby,broadwater,m,3nsgVWYiwkSt
brown d. bryan,bryan,brown,d,6s6e5WS3xQqW
brown g. daniel,daniel,brown,g,7bSMu2QKg5YX
brown e nancy,nancy,brown,e,6TNYu7b4YY6z
brown e richard,richard,brown,e,4mpBvkoj4tq6
brown iii m. john,john,brown iii,m,4zBhkr6srsZF
ono k. allen,allen,ono,k,6igfLJFvC5Eg
browne a. herbert,herbert,browne,a,EAsJNN6YuMxz
bucchi michael,michael,bucchi,nan,3H8UhUChY59u
buchanan iii e walter,walter,buchanan iii,e,4Pe9UUKQw7C4
burba h. edwin,edwin,burba,h,5uQLZs58cNJ7
burnette n. thomas,thomas,burnette,n,6QjrJPa7cnqb
butler l. george,george,butler,l,5qMDyaMSXTRv
byrnes p. kevin,kevin,byrnes,p,PUcu4rNWK4cx
byron michael,michael,byron,nan,5UJPRfx78rJv
caldwell john,john,caldwell,nan,4KNoLghRWWE8
callaghan t. james,james,callaghan,t,49j5ny5nC8aA
sloan m alexander,alexander,sloan,m,3fwzUx4UQ8rm
calland iii m. albert,albert,calland iii,m,36cDwTSysS3F
campbell l. james,james,campbell,l,THipNLEDbHWk
campbell h. william,william,campbell,h,3vBxSKC4GGbz
campbell b frank,frank,campbell,b,7LXwRUAXia7S
campbell h john,john,campbell,h,7JStTej4qnf3
canavan a. michael,michael,canavan,a,Dm28JA4Evhmj
carlson bruce,bruce,carlson,nan,JUePhh7yoc59
carlton k paul,paul,carlton,k,82oGZomRZjHn
carney p. thomas,thomas,carney,p,6e9AHimRFHFb
carns p. c. michael,michael,carns,p. c,5vvvv4hdyDoN
totushek b. john,john,totushek,b,MS4ASxsYbCRA
carpenter s. william,william,carpenter,s,5UBnEMP8b4Kr
carter f. powell,powell,carter,f,3jcHrB4tnGFk
carter g. william,william,carter,g,7BTrVDWkWcbi
caruana p. patrick,patrick,caruana,p,6y64vzZjWcpv
case r. thomas,thomas,case,r,67Hh5KGn6UAx
castellaw john,john,castellaw,nan,6vASTUjJRSXe
cavezza j. carmen,carmen,cavezza,j,5En4av7zv5x5
cavin d. dennis,dennis,cavin,d,3k2UiFZAEeRc
cerjan g. paul,paul,cerjan,g,8CnQXhjkcmVm
chain t. john,john,chain,t,7T5kajD2W2r8
pagonis g. william,william,pagonis,g,75LCGHMMa5fN
chambers e james,james,chambers,e,5TgCUUGjZjS5
chanik m. evan,evan,chanik,m,g5FXnhCLpAgj
chelberg d. robert,robert,chelberg,d,47RELV7uHB8f
chiles g. henry,henry,chiles,g,szLwxJjVEaBm
christianson v. claude,claude,christianson,v,7CK4JfaMWyc3
christman w. daniel,daniel,christman,w,7NhLMKWu94Sz
christmas george,george,christmas,nan,47kWfxsGgM6u
church t. albert,albert,church,t,kjhY3mNegsbC
cianciolo gus,gus,cianciolo,nan,udGSYf2hBikb
cisneros a. marc,marc,cisneros,a,mst4ryYmpPwj
plewes j. thomas,thomas,plewes,j,3ofSz54w6Rg8
"clapper, jr. r. james",james,"clapper, jr.",r,7UkmFce7GXqK
clark t. robert,robert,clark,t,6DtPrWdRkadF
clark k. wesley,wesley,clark,k,3SvfxhnvdRgm
clemins r. archie,archie,clemins,r,r65pydFuDvza
clexton w. edward,edward,clexton,w,7rwdREuhcvhm
coburn g. john,john,coburn,g,4bBjrt9WKYEd
cody a. richard,richard,cody,a,DMonEfvNdx9M
coffey s. robert,robert,coffey,s,4UiGp2BFDgG4
coleman ronald,ronald,coleman,nan,7Hmn3vrpU7fP
colley c. michael,michael,colley,c,FNMonpbLcxzg
kutyna j donald,donald,kutyna,j,5ckdSnhsZcJ6
collins h. thomas,thomas,collins,h,8Ayf9KBhmUAf
conaway b john,john,conaway,b,6DLcvDVM3NQi
conway t. robert,robert,conway,t,6AgsxuhD4e3Y
cook g donald,donald,cook,g,3RC875aDb9TA
coolidge h charles,charles,coolidge,h,7G3y73e3XUzy
cooper l. david,david,cooper,l,5U4PJJf9C5kR
cooper matthew,matthew,cooper,nan,7CLaEtVGKnAa
corley d. w. john,john,corley,d. w,89kb6mFVbLKb
corns h. johnnie,johnnie,corns,h,ppU7L2XPJBt8
cosgriff j. kevin,kevin,cosgriff,j,5uptKfoANyxA
franklin e. carl,carl,franklin,e,8Cb7wMg3uxkC
costello john,john,costello,nan,559rs5eoFR6L
costello m. barry,barry,costello,m,6CgDHHWtJLSD
cosumano m. joseph,joseph,cosumano,m,DttMf8ZZVSMs
cotton g. john,john,cotton,g,35RXLwqLmABL
covault l. marvin,marvin,covault,l,8EvLWPMstgad
cowan l. michael,michael,cowan,l,3e9GwstkmGBM
craddock j. bantz,bantz,craddock,j,5MNTSTAdrDpQ
craine w. john,john,craine,w,3iVcErvexnbU
cranston e stewart,stewart,cranston,e,qYsVEFmikaef
crenshaw w. lewis,lewis,crenshaw,w,K7qKYqF8A8Bu
macdonald e. bruce,bruce,macdonald,e,8MdT6qPSoAZF
crocker a. george,george,crocker,a,4aMr638tdBpe
croker b stephen,stephen,croker,b,4gHszjSaA7Wr
"croom, jr e charles",charles,"croom, jr",e,4BUmf7KEvjLc
crouch w. william,william,crouch,w,485kqG9FWyxu
crowder d. william,william,crowder,d,5GSZNnoVFQB9
crysel w. james,james,crysel,w,7YLuN4VyGT6L
curran m. john,john,curran,m,3QZbdTNVmKWy
cusick j. john,john,cusick,j,C5DaDgCNQ5sY
cuviello m. peter,peter,cuviello,m,4WQeaafKvVPY
dail t. robert,robert,dail,t,4zzhDm3rCBFh
mutter carol,carol,mutter,nan,7vnLRaLaBHLp
"jackson, jr. e. john",john,"jackson, jr.",e,V4uktKygRDMG
dailey l. dell,dell,dailey,l,5psuJNz2me8f
dailey r. john,john,dailey,r,7TBK4JmNdM2p
dake r. terrence,terrence,dake,r,493s3wxQSK6n
dallager r john,john,dallager,r,7jhqsZTqcRAo
davis j. walter,walter,davis,j,5qn9KpJLdFLM
davis b. james,james,davis,b,5G7JazdBhuqL
davison s. michael,michael,davison,s,5TKJrbzdzUHZ
dawson culter,culter,dawson,nan,4oRMNzbXUgWw
defrancisco e. joseph,joseph,defrancisco,e,6AyNnYN2AoH2
dekok g roger,roger,dekok,g,7JxQETxVMMon
"rosa, jr w john",john,"rosa, jr",w,5BQ7bYJ79SQe
delong michael,michael,delong,nan,3CJXiYjGq74S
demars bruce,bruce,demars,nan,4r5oGeYr2g2F
dierker r. rob,rob,dierker,r,3v4hRk8hvWxs
dodson l. michael,michael,dodson,l,3yiBysTBGdRk
dominy e. charles,charles,dominy,e,7fTyWnCYhkj6
donahue j. robert,robert,donahue,j,3mYDXsDHv6cY
donahue j william,william,donahue,j,65YjC4N7LoHP
donnell s. joseph,joseph,donnell,s,7MEkS9DwD4Ev
donovan r. frank,frank,donovan,r,CZHGJphs4JFP
doran f. walter,walter,doran,f,5NYAqiR32K2c
peterson l donald,donald,peterson,l,7hFv4RjLujS5
"dorsey, f. james",james,"dorsey,",f,4729MkGGevVu
dougherty a. bill,bill,dougherty,a,6UtgXB4WxFvy
downing wayne,wayne,downing,nan,8DxeBxECAGxv
dubia a. john,john,dubia,a,5NEtsiBiFwid
dubik m. james,james,dubik,m,7ky5P3sZDizc
dugan j michael,michael,dugan,j,6QNKGmRG86Cc
dula m brett,brett,dula,m,5Gf5NHhDH25X
dunn m michael,michael,dunn,m,4GNR7zNU7PdC
dyer w. joe,joe,dyer,w,6SZBpj3RV29i
earner a. william,william,earner,a,3MZ2nvCk7NcU
newbold gregory,gregory,newbold,nan,354cVkhBARqQ
ebbesen e. samuel,samuel,ebbesen,e,7kHHW8EjYwR4
eberhart e. ralph,ralph,eberhart,e,5MynLHjXohxy
edmonds j. albert,albert,edmonds,j,6n6enupQHmvx
edney a. leon,leon,edney,a,VXbkWuYrEc8Q
edwards j. mark,mark,edwards,j,QwKL5RQWxLaE
eichelberger b. charles,charles,eichelberger,b,5F7DZwkwWuM5
eickmann e kenneth,kenneth,eickmann,e,6Zjw7DjpkNvw
eikenberry w. karl,karl,eikenberry,w,6yN6nLYLyREx
elder j robert,robert,elder,j,5jY9k6xPJ2B6
ellis r. larry,larry,ellis,r,EkFm7xE3JD4H
vollrath e. frederick,frederick,vollrath,e,3eVfwjJCvtro
ellis o. james,james,ellis,o,3zNU9bedciTr
ellis r. james,james,ellis,r,4zYvGujtsbCS
emery w. george,george,emery,w,Q3DDdVU35a76
esmond r marvin,marvin,esmond,r,3tJAyf5sgnti
estes iii m howell,howell,estes iii,m,7vjBgSHEhpM2
etnyre william,william,etnyre,nan,6jnzNf6HtEwr
etnyre t. terrance,terrance,etnyre,t,6EPDuHzsNnT2
eytchison ronald,ronald,eytchison,nan,6gjvvYhPF3Vm
fages malcolm,malcolm,fages,nan,3cVpxfqxgXVi
"fain, jr. a james",james,"fain, jr.",a,4yt49PKDZZ5x
raggio f robert,robert,raggio,f,73i5RcVdBYqS
fairfield s john,john,fairfield,s,3D9oauUBSBvK
fallon j. william,william,fallon,j,3HtNPmc2gFvc
fargo b. thomas,thomas,fargo,b,7pmJfNvD5RH7
"farrell, jr p lawrence",lawrence,"farrell, jr",p,5Hq4xiZV6W83
farris b. jack,jack,farris,b,32Jp2Z6JAcWk
ferguson r. thomas,thomas,ferguson,r,5Vaixrz5JQdE
fields tom,tom,fields,nan,7NVh3t5Eb2eZ
fischer h. eugene,eugene,fischer,h,AXoRvZ5c8gf2
fisher a. george,george,fisher,a,85jsCggktVmG
fister l. bruce,bruce,fister,l,4g8zAKc3qEQb
kennedy j. claudia,claudia,kennedy,j,3JJfhFzmkZUs
fitzgerald r. james,james,fitzgerald,r,5CLYuBXcSpTv
flanagan j. william,william,flanagan,j,83NnyUv2rinu
flowers b. robert,robert,flowers,b,HHwN6iFQ5Xf2
flynn s. william,william,flynn,s,69VLeyxVB6A5
fogleman r ronald,ronald,fogleman,r,k3Y6jxFCSGJX
foglesong h robert,robert,foglesong,h,7wgneuHPfjjX
foley f. robert,robert,foley,f,3QagFqPE7TTd
ford j phillip,phillip,ford,j,5kgMLdbbTcVx
fornell e. gordon,gordon,fornell,e,4zSaLAWs5ToG
forster h. william,william,forster,h,5tYC7HDC74wC
mccarthy p james,james,mccarthy,p,59bCXPDHedRH
foss w. john,john,foss,w,B8SS4ppkjF9d
franklin e charles,charles,franklin,e,4sqf8DPxr6T3
franks m. frederick,frederick,franks,m,6zJeZuSXZ3YC
franks r. tommy,tommy,franks,r,TjpXXU7bWRCM
freitag merle,merle,freitag,nan,7W66TCqVzYz7
frost e. david,david,frost,e,KpRiFBWTqWbv
fry a. scott,scott,fry,a,6cCUUc5cNvTw
fulford w. carl,carl,fulford,w,3i8bB2Tr7EqR
funk e. paul,paul,funk,e,htFzAGko5qds
gabreski l terry,terry,gabreski,l,6NsxDoKy7kqA
lyles l lester,lester,lyles,l,xwcTLwHhjPTi
gaffney g. paul,paul,gaffney,g,7JWDnEBGdzAg
galvin r. john,john,galvin,r,33kF7dp8Xfws
gamble k patrick,patrick,gamble,k,55GjQH6g5Jj9
gard g. robert,robert,gard,g,5gCNnVDTzKFV
gardner emerson,emerson,gardner,nan,7cHPgEEHhFPE
garner m. jay,jay,garner,m,5uhtd2ptw2HZ
gehman w. harold,harold,gehman,w,4TTjDkEFaw6R
giambastiani edmund,edmund,giambastiani,nan,wEdzBy9AnWXB
giffin c. henry,henry,giffin,c,83y3swkLKYjB
glisson tom,tom,glisson,nan,5YC6uf7Ytaov
hudson l john,john,hudson,l,74swG7eQJAGq
glosson c. buster (brad),buster (brad),glosson,c,4YfMQzGen5HX
goodman john,john,goodman,nan,6LWLyfAMcaZn
gordon a john,john,gordon,a,55GP7CWcugS9
"goslin, jr b thomas",thomas,"goslin, jr",b,cdcg953Ua6SA
granrud h. jerome,jerome,granrud,h,5P4phiRsLymY
graves g. richard,richard,graves,g,7rEdF4BVFSHK
gray m. alfred,alfred,gray,m,6xt755pZkohH
gray e. robert,robert,gray,e,4KKrvGNoRiUG
green e. stanley,stanley,green,e,82XQvDLo5fJZ
green p. kevin,kevin,green,p,4L4mhsvQnV23
"kensinger, jr r philip",philip,"kensinger, jr",r,7PEuKU5iiAxJ
wilson e. johnnie,johnnie,wilson,e,56FY9pPLnVxy
gregson wallace,wallace,gregson,nan,4AnFdWSPNfFR
griffin s. benjamin,benjamin,griffin,s,43hVaaSZBgUy
griffin n. thomas,thomas,griffin,n,G4rjfcK64cdz
griffith h. ronald,ronald,griffith,h,5SiE85X86F9C
griffith c john,john,griffith,c,6wFijKaEspfb
grossenbacher j. john,john,grossenbacher,j,5AF34eNeCunC
guenther j. otto,otto,guenther,j,mBEPPMBSJLBX
gunn f. lee,lee,gunn,f,3dRbEfuKteBZ
habiger e eugene,eugene,habiger,e,79TXiYX9pnvw
hack a. richard,richard,hack,a,5w2SFUwNUB63
shaud a john,john,shaud,a,7DdeNbkYUXoH
hagee w. michael,michael,hagee,w,6DixWDCrRxhS
hagen f. donald,donald,hagen,f,NFC2ZLfcnufs
hailston earl,earl,hailston,nan,4aSxPy3artLH
hall r. james,james,hall,r,5vjajVAkqDnx
hall john,john,hall,nan,7vGturLT4qLH
hallin p william,william,hallin,p,4ykQhXue9qNE
hamel a michael,michael,hamel,a,5ZiFq8jv9AAL
hammond d. robert,robert,hammond,d,6YNK7X6zeXHo
hammond a. trevor,trevor,hammond,a,aUVxDos3XPYn
hancock j. william,william,hancock,j,3w7yWBgLs9uc
howe t. jonathan,jonathan,howe,t,5JRkNocXE5qE
handy w john,john,handy,w,6mfUYgStvwPi
hanlon edward,edward,hanlon,nan,4zyNWdYDaUbF
hardisty huntington,huntington,hardisty,nan,7cmtbQhsvmWK
harms g. albert,albert,harms,g,3gv2n5hezy9w
harrison h. william,william,harrison,h,7xgkVuqoynoH
hartzog william,william,hartzog,nan,4ZSmgFnR23y3
haskins d. michael,michael,haskins,d,EvG4yvDJWqjF
hatch j. henry,henry,hatch,j,3bpCv6ikkvmC
"hatch, jr. w monroe",monroe,"hatch, jr.",w,79YEZxExuieM
hawley e richard,richard,hawley,e,76RDDq5pxAmM
stroup g. theodore,theodore,stroup,g,7E7ug9dkuD8Z
hayden v michael,michael,hayden,v,6urvnnpcTPjb
hearney d. richard,richard,hearney,d,525nrzxJZeke
heebner k. david,david,heebner,k,4B3SoLuPChTh
heflebower r charles,charles,heflebower,r,b86gBeEHAFd4
hekman m. peter,peter,hekman,m,3zvavq4c6uSN
helland samuel,samuel,helland,nan,7vzJGhXpusJd
helmly r. james,james,helmly,r,46Mc3RcJpttF
hendrix w. john,john,hendrix,w,JduVHKvEPnTN
herberger j. albert,albert,herberger,j,7xzb3J4WEcn8
hernandez e. diego,diego,hernandez,e,796bZNkXBbGd
o'berry g. carl,carl,o'berry,g,5ViqFFPaNrti
hester v paul,paul,hester,v,4cTR4n3yjKQk
hill t. james,james,hill,t,SHoyBCpbpBNP
hilmes b. jerome,jerome,hilmes,b,4FmpqCJ7UVab
hinson c robert,robert,hinson,c,6PE5ELUQTmED
hissong fred,fred,hissong,nan,8Dh6NmPKjgZp
hite v. ronald,ronald,hite,v,4ntBzDKHrJar
hoar p. joseph,joseph,hoar,p,ZowzzzJGLVXB
hobbins t william,william,hobbins,t,3zAdVASpWDtX
hoewing l. gerald,gerald,hoewing,l,6oCMWbws2ubZ
hogg r. james,james,hogg,r,36VqV6f6EvQc
wallace s. william,william,wallace,s,7jLyZMpRBVew
hogle jr s walter,walter,hogle jr,s,5aLU3f4VtxPs
holder s. gordon,gordon,holder,s,4HJiPMnaZJ6h
holder d. leonard,leonard,holder,d,4Gbcwrs6qqW6
holland r charles,charles,holland,r,7mFHVhWxPYrU
honore l. russel,russel,honore,l,Jre9Ytdaj9iQ
"hopper, jr d john",john,"hopper, jr",d,xsjkwco2Luy4
hornburg m hal,hal,hornburg,m,3WRG7w7bLuG3
horner a. charles,charles,horner,a,6tDuRuqVP56W
howell jefferson,jefferson,howell,nan,6ZWSXTBvopmu
hudson b. joel,joel,hudson,b,4pubFQm4A2EK
johnson g. gregory,gregory,johnson,g,GBpYpHLZa4fF
hull d. james,james,hull,d,6b6RMjsKjmCV
huot p raymond,raymond,huot,p,74jAdxvyfVgt
hurd e joseph,joseph,hurd,e,55bbXQr98FUr
iverson w. ronald,ronald,iverson,w,4tgMuSHsmGJW
johnson h. james,james,johnson,h,3PA9eMgPT28Q
johnson l. jay,jay,johnson,l,3vAVdj7aAwfE
johnson l. jerome,jerome,johnson,l,6ZqiZ3a8tGun
jones a. dennis,dennis,jones,a,3LMGQ9NnjqFy
joulwan a. george,george,joulwan,a,3rVcpBK4hLcv
keating j. timothy,timothy,keating,j,eB9Uyxpf65VP
reimer j. dennis,dennis,reimer,j,6z4VKLUoM2L8
keck j. thomas,thomas,keck,j,4ZAeMdbno7CV
kehoe b nicholas,nicholas,kehoe,b,84cLWuWiXMp4
keller f. richard,richard,keller,f,7rJiVCSuYVi9
kelley j. david,david,kelley,j,6AWaevXWNuX9
kelley w. jay,jay,kelley,w,wkppGAy4NB6X
kelso b. frank,frank,kelso,b,6uAgNT5Z7aSa
kenne f leslie,leslie,kenne,f,3o2ParYpTQ34
kernan f. william,william,kernan,f,5qoQ9CDcSSnH
kerrick l. donald,donald,kerrick,l,7XTNQssEFxec
keys william,william,keys,nan,3EuRsFxpVNtp
mundy e. carl,carl,mundy,e,5cEg7Xu2vcVM
keys e robert,robert,keys,e,5SWAV59Hun8X
kicklighter m. claude,claude,kicklighter,m,6cn4rG6839Mh
kime william,william,kime,nan,32PdQqhNQERa
kind a. peter,peter,kind,a,7XxTYwUsWEvh
knutson bruce,bruce,knutson,nan,625LMqAV3NnY
kohler b jeffrey,jeffrey,kohler,b,5T5XFpEAKC5n
kohn r. edwin,edwin,kohn,r,6VKJgFVGmgDc
konetzni h. albert,albert,konetzni,h,5qBHrXvZ76DK
krekich j. alexander,alexander,krekich,j,aRtgwHWs75RL
kross walter,walter,kross,nan,74CMQWhePKaz
oelstrom j tad,tad,oelstrom,j,4kQsECFgmR7H
krulak charles,charles,krulak,nan,5bhnVoMEXyWs
laboa guy,guy,laboa,nan,55MrioWptAiY
lafleur w. timothy,timothy,lafleur,w,6ZfRcFFZS65S
lamontagne a donald,donald,lamontagne,a,3kk973ypsUcS
lanoue m. alcide,alcide,lanoue,m,3h6BGNUcKeAC
larsen r dennis,dennis,larsen,r,83bJE6GGPNpo
le moyne m. john,john,le moyne,m,59bBT3Ad9z8j
leaf p daniel,daniel,leaf,p,5GdyRS2uXBE4
ledford f. frank,frank,ledford,f,3jMVkY2jSZ8a
libutti frank,frank,libutti,nan,892Fz35YtqM2
mcfarren e. freddy,freddy,mcfarren,e,4HbWQXLD6Zg6
rempt p. rodney,rodney,rempt,p,3hUb23e7FJV3
lichte j arthur,arthur,lichte,j,4VudXamXpxAm
lionetti m. donald,donald,lionetti,m,3Mqj7S6EE4g7
lockard a. john,john,lockard,a,56awif6TDs4G
loftus f. stephen,stephen,loftus,f,3ugE2EgsoBPt
loh michael john,john,loh,michael,7BLbhiZ5gHv9
looney iii r william,william,looney iii,r,4SV3tMBRzGtE
lopez joe,joe,lopez,nan,6fdRJZY8W3Ek
lorber g john,john,lorber,g,6PAbrJ3YBcEs
lord w. lance,lance,lord,w,7t9JAwzTVUq4
lovelace j. james,james,lovelace,j,7wmdxdaCLjGe
winglass robert,robert,winglass,nan,4aQoEwE7xrii
loy james,james,loy,nan,47F4dvEgp4eT
macke c. richard,richard,macke,c,cipkJhmmAnt8
maddox m. david,david,maddox,m,53zC69z6QtqV
magnus robert,robert,magnus,nan,6vDrCyDnvyed
malone d. michael,michael,malone,d,7ybmip64xr5E
maples d. michael,michael,maples,d,4dJEn7UxwwgL
marcotte c ronald,ronald,marcotte,c,3w3aaEJjbfPp
marsh g. caryl,caryl,marsh,g,6H7DuETjzk2U
martin s gregory,gregory,martin,s,66BQkLvdNB7k
massenburg b. walter,walter,massenburg,b,6kCPNZPNfmXZ
ryan r. john,john,ryan,r,53CsW2C6sbhh
mayer j. martin,martin,mayer,j,8FjL7LYpgGPL
mayo w. richard,richard,mayo,w,7ufjAJWDtbjN
mazach j. john,john,mazach,j,MPCw9eYqfDb8
"mcarthur, jr. d. james",james,"mcarthur, jr.",d,7iPNsoRPP2vu
mccarthy d. justin,justin,mccarthy,d,6vBpkiLRcAJf
mcconnell m. john,john,mcconnell,m,3uF59T5PK5zy
mcdonald c charles,charles,mcdonald,c,zYVzE2EKfDhB
mcfann l maurice (lee),maurice (lee),mcfann,l,8MieUUrdrG6s
mckiernan d. david,david,mckiernan,d,6K7arUV8RTAH
mckissock gary,gary,mckissock,nan,44suiDQnHvQp
van riper van paul,paul,van riper,van,RysRCnodj9za
mcneill k. dan,dan,mcneill,k,6DHM9Xx4AjDH
mcpeak a. merrill,merrill,mcpeak,a,7KTEMtrQet3N
mears h. gary,gary,mears,h,67befSUJdvUX
melcher f. david,david,melcher,f,uRbiJ9GUpNts
menoher e. paul,paul,menoher,e,6DrEVPyRBpnf
metz f. tom,tom,metz,f,7tv9UoWybeWA
metzger w. james,james,metzger,w,TNTgKbdwRiLT
mies richard,richard,mies,nan,45wr3VJwVK2C
miller e. john,john,miller,e,PAtXZoazKRnG
mobley s. joseph,joseph,mobley,s,5TEsUoF2fRTn
rutherford r. jerry,jerry,rutherford,r,7syUqTugBEb6
moorhead ii w glen,glen,moorhead ii,w,rF8UAbYH24JF
myers t. john,john,myers,t,4NvdDHX2Voo3
myers b richard,richard,myers,b,f4evk7pnUqJn
nanos p. george,george,nanos,p,4vp5fzHShkdS
nathman b. john,john,nathman,b,5ehnWofv3Afn
natter j. robert,robert,natter,j,6WgvogPxptp8
nelson a. r.,r.,nelson,a,7XNxQ9VhYGzK
"nichols, jr. c. david",david,"nichols, jr.",c,4HawcQQAZqND
noah max,max,noah,nan,Sc3DsmSRT4RG
noonan w. robert,robert,noonan,w,8NCdYLLx75G9
hughey gary,gary,hughey,nan,7Gt2AN2paQgD
oster w. jeffrey,jeffrey,oster,w,6LNKeAYjM7tm
otjen p. john,john,otjen,p,5PWcnnNRyCn9
otstott carles,carles,otstott,nan,7mYVTKoYSFc5
pilling l. donald,donald,pilling,l,6Xsw8e65oM7Z
pratt h. everett,everett,pratt,h,MnziKuwYCZMe
prueher w. joseph,joseph,prueher,w,7NjuMWQKX3mf
raduege harry,harry,raduege,nan,77dTDBWjrFLD
ralston w joseph,joseph,ralston,w,4ZdrDYc6YHbi
ray w norman,norman,ray,w,6gTGUSpXJmsC
riggs m. john,john,riggs,m,4APH9nr2zkbG
yeosock j. john,john,yeosock,j,3jRiRZjVx8NT
riley c. james,james,riley,c,3fUxZmhGVuGH
riscassi w. robert,robert,riscassi,w,76uhzqmBgCXf
rives l jack,jack,rives,l,dsvtisD4xero
roadman h charles,charles,roadman,h,7St6Q3Q9dgNV
robinson b. david,david,robinson,b,5ahFQKS8durH
rochelle d. michael,michael,rochelle,d,77UnSRAQ2Lz9
rodgers d. thurman,thurman,rodgers,d,cThomN5z47yx
ross d. jimmy,jimmy,ross,d,7EynEBnhJ5Sa
route a. ronald,ronald,route,a,7QAhh5XyGMHe
russ d robert,robert,russ,d,4p9j27ZKTQgY
jones l. james,james,jones,l,7cWyiGyC4suz
sams f ronald,ronald,sams,f,3wBwJZ6rJEzu
"sams, jr b john",john,"sams, jr",b,5rmgpxwAfEyY
schmidt m randall,randall,schmidt,m,5buL5sof9bvh
schroeder r. daniel,daniel,schroeder,r,5G4u2zpepHdd
scofield m richard,richard,scofield,m,7L8iF22RvusU
seip r. norman,norman,seip,r,8DWnmhit44Wy
sheehan j. john,john,sheehan,j,64nLSeFtKhhm
sherrard iii e james,james,sherrard iii,e,nPztNLWNvb6G
short e. alonzo,alonzo,short,e,5eYEXRQ7ZFvn
short c michael,michael,short,c,5FCrhSNv8DTq
meigs c. montgomery,montgomery,meigs,c,yy4Xvx9AKFKx
shultz c roger,roger,shultz,c,3FEhtCMVHhE9
smith d. william,william,smith,d,m7S4Su88VP7L
smith l lance,lance,smith,l,5P9Ww7PaYQ69
soligan n james,james,soligan,n,7Z7HyCHucBSS
speakes m. stephen,stephen,speakes,m,6BnWKQzwAqKH
speer d. gary,gary,speer,d,3eGzzbF59B6x
spigelmire mike,mike,spigelmire,nan,3RjNFeQ2Ka7i
steele martin,martin,steele,nan,5aPRHGYNjUzg
steele m. william,william,steele,m,5kfvV3svTcjY
stiner w. carl,carl,stiner,w,3vDNfgoYB7to
stein e. paul,paul,stein,e,TzHw3i7pA44Y
stotser r. george,george,stotser,r,4BqBddfWN7Ak
sullivan d. william,william,sullivan,d,3x2XuX6Aj2mG
sylvester b. john,john,sylvester,b,nmk9qyCEz2Fq
szemborski r. stanley,stanley,szemborski,r,5e8JX32HznYE
taylor g. horace,horace,taylor,g,5ZMH2vP85gNL
taylor p george,george,taylor,p,4AVWf2fGtbzM
temple r. herbert,herbert,temple,r,88ZXQPCD6tMT
tenoso e edwin,edwin,tenoso,e,33XfwQVoiSVi
thompson e. james,james,thompson,e,57adBUok3tVk
thompson n. ross,n. ross,thompson,nan,6DX3DvRqDRgK
owens c. ira,ira,owens,c,49AhHVzH3d7T
"ryan, jr. j. martin",martin,"ryan, jr.",j,8Est2B5tNyZp
"thompson, jr. w. dale",dale,"thompson, jr.",w,47m286S9tRr2
tracey a. patricia,patricia,tracey,a,6rRXQU4hPdbV
trapp lansford,lansford,trapp,nan,4CYknbXWWEZt
trask b charles,charles,trask,b,7yK5uiZcnEY3
trexler r garry,garry,trexler,r,42iZTDoM9TT2
trzaskoma j. richard,richard,trzaskoma,j,5PLW854yij63
turner r. thomas,thomas,turner,r,6uJKvy7erqKZ
tuttle william,william,tuttle,nan,7XjoofhfcWGS
ulrich iii g. harry,harry,ulrich iii,g,7i3gGfaexq8K
utterback s lloyd (chip),lloyd (chip),utterback,s,57ivRTv4XkAs
record f james,james,record,f,bCSrFTAJWsom
van alstyne a. john,john,van alstyne,a,4cTqBkyeGu7C
wagner w. robert,robert,wagner,w,3drRpiUppieB
"walters, jr h tome",tome,"walters, jr",h,YY9w2RRnJVfX
waskow c thomas,thomas,waskow,c,7wQXCb8vjCZP
weber joseph,joseph,weber,nan,8CatGqBmERhN
wehrle joseph,joseph,wehrle,nan,4P85J2LYxosh
williams d. joseph,joseph,williams,d,45sT9aLudepr
wilson robert,robert,wilson,nan,7aX2Ka4SSHb7
wishart len,len,wishart,nan,4QnNzLhH9RNW
wood r. john,john,wood,r,6QGk2298CCi7
redd s. john,john,redd,s,e7eUSDwoTnHY
woodall d. jack,jack,woodall,d,4ngrc7t3YaYB
wooley w michael,michael,wooley,w,3PCAiMcDvb63
yakovac joseph,joseph,yakovac,nan,8H4n5ipkfTta
burpee a richard,richard,burpee,a,78xF9evFd3rr
burshnick j anthony,anthony,burshnick,j,KSsTG7kYW2n5
cassity s james,james,cassity,s,6ew5LVRR24si
goodall a. harry,harry,goodall,a,7jwKtogbGB93
hamm r. charles,charles,hamm,r,6LzLFj7gBU8r
edward heinz,heinz,edward,nan,4Mu9oxq7zWpC
herres t robert,robert,herres,t,3Tb6oRyYK2hf
lindsay j. james,james,lindsay,j,6aECdmRUD2rN
kondra vernon,vernon,kondra,nan,7nEyVDXRdfVG
ludwig h robert,robert,ludwig,h,6GZDPyiwgd3D
charles may,charles,may,a,ZiGGmDs7sTGa
mccausland charles,charles,mccausland,nan,7bG4NDjQJTz7
mccoy robert,robert,mccoy,nan,7EW5SDHSamxu
miller b monte,monte,miller,b,4XQftZX4QEo7
monahan l george,george,monahan,l,BaoGtncQGssh
rees h clifford,clifford,rees,h,yJxqR9cTTtVw
rogers craven,craven,rogers,nan,7Ww6x6jEube6
"shuber eg ""buck""","eg ""buck""",shuber,nan,6eSVQtH87CKY
polk r. stephen,stephen,polk,r,8NiUJfD4ngoj
smith carl,carl,smith,nan,7qn8bC54fgaT
smith w leo,leo,smith,w,jWT3pYrZPRPu
snyder donald,donald,snyder,nan,65ah6XFrw6p4
teal j david,david,teal,j,6jh3869aoF5C
wood c. norman,c. norman,wood,nan,5W3V4Fwm2DAG
mccorkle frederick,frederick,mccorkle,nan,3wEnKnfi6Piu
ryan e michael,michael,ryan,e,8HsRSUe5mLn9
williams j. michael,michael,williams,j,yXcwqxwtXrut
robertson t charles,charles,robertson,t,3Z4hPpM8AowW
saint e. crosbie,crosbie,saint,e,4WxnpbWNDXiz
pace peter,peter,pace,nan,63ohDLm6HuHh
laplante b. john,john,laplante,b,m9zaU383wSgT
bath j. ronald,ronald,bath,j,3Lgkq66xkycD
scales  robert,robert,scales,nan,7CXcHrBTAGBJ
weaver a. paul,paul,weaver,a,5NYjzwpWYvxU
giardina  thomas,thomas,giardina,nan,5USmHZUfKXqF
soderberg  paul,paul,soderberg,nan,7NmRv9LkJ3QD
richardson  william,william,richardson,nan,4M4rdNYTru6K
sennewald  robert,robert,sennewald,nan,kkubCDiqk2jm
marquez  leo,leo,marquez,nan,62EkJrFeAz6D
montgomery m. thomas,thomas,montgomery,m,3hS5NoJAwBJr
laporte j. leon,leon,laporte,j,4osqc6Le9ygX
mallory c. glynn,glynn,mallory,c,6B6EK78RGXqe
tuttle o. jerry,jerry,tuttle,o,7AAUmJ8fNFMw
santarelli d eugene,eugene,santarelli,d,7yuvC9KbuPMd
vines r. john,john,vines,r,5XAux5dAaPKd
jaco t. neal,neal,jaco,t,6F6VEswXAB7V
shalikashvili m. john,john,shalikashvili,m,4utCBQJG5vW2
minihan a kenneth,kenneth,minihan,a,ofFJPVQJdMYn
soyster e. harry,harry,soyster,e,4th9vX3jDUhX
mccall f. james,james,mccall,f,7xfQ3nPs4QA7
sullivan r. gordon,gordon,sullivan,r,4yodPnZ9cxpG
barbara fast,fast,barbara ,nan,4AUEh6NWCC5C
michael vane,vane,michael,nan,tYpoGbyjhiMY
charles cartwright,charles,catwright,nan,57emTCChpzyh
paul j. kearn,paul,kearn,j,4JokbUwkNB66
larson r. charles,charles,larson,r,7dC3bbFdbSU2
mauz h. henry,henry,mauz,h,4AnhY4Laxmxp
"moorman, jr. s. thomas",thomas,"moorman, jr.",s,7KX8LTjC7A9h
trost carlisle,carlisle,trost,nan,4DnUYcjMYNT2
shelton h. henry,henry,shelton,h,3StY6WJjmMhU
obering iii a henry,henry,obering iii,a,4efRrU6Jigqd
muellner k george,george,muellner,k,3hzVYvWH5kai
johnson ii l charles,charles,johnson ii,l,48ZUEji7xTJp
jones r. anthony,anthony,jones,r,5jinY6woyU4Z
kevin hewitt,kevin,hewitt,nan,86xphiP4VyPo
mark mccall,mark,mccall,nan,37USadXSumdh
jeff tarakajian,jeff,tarakajian,nan,6Laz4rB3okeM
fassika bellette,fassika,bellette,nan,65gwTi5wLHBj
fanta taye,fanta,taye,nan,6Xeeumgv7dyB
michael w. blair,michael,blair,w,6JZMebCbwhvz
michael b. mukasey,michael,mukasey,b. ,7j8EMdYs4xD3
david w. rivkin,david,rivkin,w. ,7AEGdRRY9BQ7
bruce e. yannett,bruce,yannett,e,5ZhEohz99hmP
paul s. bird,paul,bird,s. ,ejzCipiFHcwY
peter j. loughran,peter,loughran,j. ,8G6z6UTaKCh2
maeve o'connor,maeve,o'connor,nan,5vVyX2vE534a
richard ward,richard,ward,nan,3rFxNkNU2Ehj
sean hecker,sean,hecker,nan,5NVARSjeaySB
matthew c. rhoades,matthew,rhoades,c,3Eyyt8REBk6P
joseph s. pounder,joseph,pounder,s,7eAkMvko4Aek
brian j. rogers,brian,rogers,j,4b9PDvB9hks5
lanny j. davis,lanny,david,j,6iuoQ6MMXMVN
adam w. goldberg,adam,goldberg,w,7HD96EFqMoYU
joshua p. galper,joshua,galper,p. ,62P6rzMRrvqP
eleanor s. mcmanus,eleanor,mcmanus,s. ,8FWZMhatJS67
lydia borand,bordan,lydia,nan,5gLVuxS8N9wq
john mcgregor,mcgregor,john,nan,4sHanocP2yzD
basan barabandi,barabandi,basan,nan,3yuqrznb3pNa
richard gephardt,gephardt,richard,a,8JEZjUF7EBuL
thomas o' donnell,o'donnell,thomas,j. ,TkwzGpz7hc9F
michael messmer,messmer,michael,nan,4xDp2yC2q9VV
matthew gephardt,gephardt,matthew,nan,58KzJxV7MLLS
christine gephardt,gephardt,christine,nan,94xoLnhrHqxC
sharon daniels,daniels,sharon,nan,3mRGCHL6NnPx
ricardo gonzalo,gonzalo,ricardo,nan,hkBc2TxjTphR
catherine goode,goode,catherine,ann,3P9Sk5G3BGxo
janice o'connell,o'connell,janice,nan,5YDtRVHAQdG6
david mercer,mercer,david,nan,ykPwLz5Zzouh
brian forni,forni,brian,nan,6wNQkzmyPcZS
catherine perkinson,perkinson,catherine,ann,v72ryLSqwaEM
ruth thomas,thomas,ruth,m,6sFJzQKqmXbQ
tom blank,blank,tom,nan,ZVaLi2tKtwbK
riad fareed alhijab alhasa,alhijab alhasa,riad,f,7DAt3sN7SbpM
ayman asfari,asfari,ayman ,nan,7nN6TxnLsRBg
michael polt,polt,michael,nan,XgDboWfyajGn
christine rake,rake,christine,nan,6vAi5YVqu6cu
qubad talabany,talabany,qubad,j. ,4uu53EQmqm84
tom squituri,squituri,tom,nan,6jveeSJJGRQD
